"","ME","RMSE","MAE","MPE","MAPE"
"Test set",0.79517407647842,87.8805314669998,60.304868840368,NA,Inf
